{
  "a":{
    "0":0.6167651208,
    "1":0.1070036389,
    "2":0.7311998291
  },
  "b":{
    "0":0.7908081041,
    "1":0.8071626403,
    "2":0.7265777577
  },
  "c":{
    "0":0.2222515406,
    "1":0.5619712552,
    "2":0.1446917567
  }
}